interval_id	ref_chr	ref_start	ref_end	boundary	position	syntenic_block	yhat	query_chr	strand	status	interval_status
0	X	277911	18930000	start	277912	50	165259.14737379787	X	+	mapped	mapped
0	X	277911	18930000	end	18930000	2112	18910706.293609276	X	+	mapped	mapped
1	2L	82455	19570000	start	82456	1	86777.0	2L	+	mapped	mapped
1	2L	82455	19570000	end	19570000	652	19719922.03479364	2L	+	mapped	mapped
2	2R	8860000	24684540	start	8860001	5030	9275991.816863295	2R	+	mapped	mapped
2	2R	8860000	24684540	end	24684540	5766	25211268.38456963	2R	+	mapped	mapped
3	3L	158639	18438500	start	158640	9	77590.53638038965	3L	+	mapped	mapped
3	3L	158639	18438500	end	18438500	953	18472370.33967478	3L	+	mapped	mapped
4	3R	9497000	31845060	start	9497001	3232	8654850.956484767	3R	+	mapped	mapped
4	3R	9497000	31845060	end	31845060	4175	31274821.862781834	3R	+	mapped	mapped
